[
  {
    "model": "contenttypes.contenttype",
    "pk": 1,
    "fields": { "app_label": "admin", "model": "logentry" }
  },
  {
    "model": "contenttypes.contenttype",
    "pk": 2,
    "fields": { "app_label": "auth", "model": "permission" }
  },
  {
    "model": "contenttypes.contenttype",
    "pk": 3,
    "fields": { "app_label": "auth", "model": "group" }
  },
  {
    "model": "contenttypes.contenttype",
    "pk": 4,
    "fields": { "app_label": "contenttypes", "model": "contenttype" }
  },
  {
    "model": "contenttypes.contenttype",
    "pk": 5,
    "fields": { "app_label": "sessions", "model": "session" }
  },
  {
    "model": "contenttypes.contenttype",
    "pk": 6,
    "fields": { "app_label": "data", "model": "user" }
  },
  {
    "model": "contenttypes.contenttype",
    "pk": 7,
    "fields": { "app_label": "data", "model": "groups" }
  },
  {
    "model": "contenttypes.contenttype",
    "pk": 8,
    "fields": { "app_label": "data", "model": "jobpostings" }
  },
  {
    "model": "contenttypes.contenttype",
    "pk": 9,
    "fields": { "app_label": "data", "model": "usergroups" }
  },
  {
    "model": "contenttypes.contenttype",
    "pk": 10,
    "fields": { "app_label": "data", "model": "jobgroups" }
  },
  {
    "model": "sessions.session",
    "pk": "g0jgrwud6naril1x34uzeyx2dtgao8zs",
    "fields": {
      "session_data": "NGRkOTNhNjllMDEzODE2NWRiNGIwMzVlZGI5MWMxODQ4YjliYjU3MTp7Il9hdXRoX3VzZXJfaWQiOiIxIiwiX2F1dGhfdXNlcl9iYWNrZW5kIjoiZGphbmdvLmNvbnRyaWIuYXV0aC5iYWNrZW5kcy5Nb2RlbEJhY2tlbmQiLCJfYXV0aF91c2VyX2hhc2giOiJlY2EzM2Q3MGEyNTY0Y2ZjZGJhYWFjZGVjMjM3Nzc5ZjdjZDUwMWIzIn0=",
      "expire_date": "2020-06-06T18:32:44.826Z"
    }
  },
  { "model": "data.groups", "pk": 1, "fields": { "group_name": "Tier 1" } },
  { "model": "data.groups", "pk": 2, "fields": { "group_name": "Tier 2" } },
  { "model": "data.groups", "pk": 3, "fields": { "group_name": "Tier 3" } },
  {
    "model": "data.groups",
    "pk": 4,
    "fields": { "group_name": "Super Group" }
  },
  {
    "model": "data.jobpostings",
    "pk": 1,
    "fields": {
      "name": "Google",
      "url": "http://www.google.com",
      "post_date": "2020-05-23",
      "end_date": "2021-01-01",
      "salary": 60000,
      "location": "California",
      "position": "Internship"
    }
  },
  {
    "model": "data.jobpostings",
    "pk": 2,
    "fields": {
      "name": "Facebook",
      "url": "http://www.facebook.com",
      "post_date": "2020-05-23",
      "end_date": "2021-01-02",
      "salary": 120000,
      "location": "New York",
      "position": "Jr Developer"
    }
  },
  {
    "model": "auth.permission",
    "pk": 1,
    "fields": {
      "name": "Can add log entry",
      "content_type": 1,
      "codename": "add_logentry"
    }
  },
  {
    "model": "auth.permission",
    "pk": 2,
    "fields": {
      "name": "Can change log entry",
      "content_type": 1,
      "codename": "change_logentry"
    }
  },
  {
    "model": "auth.permission",
    "pk": 3,
    "fields": {
      "name": "Can delete log entry",
      "content_type": 1,
      "codename": "delete_logentry"
    }
  },
  {
    "model": "auth.permission",
    "pk": 4,
    "fields": {
      "name": "Can view log entry",
      "content_type": 1,
      "codename": "view_logentry"
    }
  },
  {
    "model": "auth.permission",
    "pk": 5,
    "fields": {
      "name": "Can add permission",
      "content_type": 2,
      "codename": "add_permission"
    }
  },
  {
    "model": "auth.permission",
    "pk": 6,
    "fields": {
      "name": "Can change permission",
      "content_type": 2,
      "codename": "change_permission"
    }
  },
  {
    "model": "auth.permission",
    "pk": 7,
    "fields": {
      "name": "Can delete permission",
      "content_type": 2,
      "codename": "delete_permission"
    }
  },
  {
    "model": "auth.permission",
    "pk": 8,
    "fields": {
      "name": "Can view permission",
      "content_type": 2,
      "codename": "view_permission"
    }
  },
  {
    "model": "auth.permission",
    "pk": 9,
    "fields": {
      "name": "Can add group",
      "content_type": 3,
      "codename": "add_group"
    }
  },
  {
    "model": "auth.permission",
    "pk": 10,
    "fields": {
      "name": "Can change group",
      "content_type": 3,
      "codename": "change_group"
    }
  },
  {
    "model": "auth.permission",
    "pk": 11,
    "fields": {
      "name": "Can delete group",
      "content_type": 3,
      "codename": "delete_group"
    }
  },
  {
    "model": "auth.permission",
    "pk": 12,
    "fields": {
      "name": "Can view group",
      "content_type": 3,
      "codename": "view_group"
    }
  },
  {
    "model": "auth.permission",
    "pk": 13,
    "fields": {
      "name": "Can add content type",
      "content_type": 4,
      "codename": "add_contenttype"
    }
  },
  {
    "model": "auth.permission",
    "pk": 14,
    "fields": {
      "name": "Can change content type",
      "content_type": 4,
      "codename": "change_contenttype"
    }
  },
  {
    "model": "auth.permission",
    "pk": 15,
    "fields": {
      "name": "Can delete content type",
      "content_type": 4,
      "codename": "delete_contenttype"
    }
  },
  {
    "model": "auth.permission",
    "pk": 16,
    "fields": {
      "name": "Can view content type",
      "content_type": 4,
      "codename": "view_contenttype"
    }
  },
  {
    "model": "auth.permission",
    "pk": 17,
    "fields": {
      "name": "Can add session",
      "content_type": 5,
      "codename": "add_session"
    }
  },
  {
    "model": "auth.permission",
    "pk": 18,
    "fields": {
      "name": "Can change session",
      "content_type": 5,
      "codename": "change_session"
    }
  },
  {
    "model": "auth.permission",
    "pk": 19,
    "fields": {
      "name": "Can delete session",
      "content_type": 5,
      "codename": "delete_session"
    }
  },
  {
    "model": "auth.permission",
    "pk": 20,
    "fields": {
      "name": "Can view session",
      "content_type": 5,
      "codename": "view_session"
    }
  },
  {
    "model": "auth.permission",
    "pk": 21,
    "fields": {
      "name": "Can add user",
      "content_type": 6,
      "codename": "add_user"
    }
  },
  {
    "model": "auth.permission",
    "pk": 22,
    "fields": {
      "name": "Can change user",
      "content_type": 6,
      "codename": "change_user"
    }
  },
  {
    "model": "auth.permission",
    "pk": 23,
    "fields": {
      "name": "Can delete user",
      "content_type": 6,
      "codename": "delete_user"
    }
  },
  {
    "model": "auth.permission",
    "pk": 24,
    "fields": {
      "name": "Can view user",
      "content_type": 6,
      "codename": "view_user"
    }
  },
  {
    "model": "auth.permission",
    "pk": 25,
    "fields": {
      "name": "Can add groups",
      "content_type": 7,
      "codename": "add_groups"
    }
  },
  {
    "model": "auth.permission",
    "pk": 26,
    "fields": {
      "name": "Can change groups",
      "content_type": 7,
      "codename": "change_groups"
    }
  },
  {
    "model": "auth.permission",
    "pk": 27,
    "fields": {
      "name": "Can delete groups",
      "content_type": 7,
      "codename": "delete_groups"
    }
  },
  {
    "model": "auth.permission",
    "pk": 28,
    "fields": {
      "name": "Can view groups",
      "content_type": 7,
      "codename": "view_groups"
    }
  },
  {
    "model": "auth.permission",
    "pk": 29,
    "fields": {
      "name": "Can add job postings",
      "content_type": 8,
      "codename": "add_jobpostings"
    }
  },
  {
    "model": "auth.permission",
    "pk": 30,
    "fields": {
      "name": "Can change job postings",
      "content_type": 8,
      "codename": "change_jobpostings"
    }
  },
  {
    "model": "auth.permission",
    "pk": 31,
    "fields": {
      "name": "Can delete job postings",
      "content_type": 8,
      "codename": "delete_jobpostings"
    }
  },
  {
    "model": "auth.permission",
    "pk": 32,
    "fields": {
      "name": "Can view job postings",
      "content_type": 8,
      "codename": "view_jobpostings"
    }
  },
  {
    "model": "auth.permission",
    "pk": 33,
    "fields": {
      "name": "Can add user groups",
      "content_type": 9,
      "codename": "add_usergroups"
    }
  },
  {
    "model": "auth.permission",
    "pk": 34,
    "fields": {
      "name": "Can change user groups",
      "content_type": 9,
      "codename": "change_usergroups"
    }
  },
  {
    "model": "auth.permission",
    "pk": 35,
    "fields": {
      "name": "Can delete user groups",
      "content_type": 9,
      "codename": "delete_usergroups"
    }
  },
  {
    "model": "auth.permission",
    "pk": 36,
    "fields": {
      "name": "Can view user groups",
      "content_type": 9,
      "codename": "view_usergroups"
    }
  },
  {
    "model": "auth.permission",
    "pk": 37,
    "fields": {
      "name": "Can add job groups",
      "content_type": 10,
      "codename": "add_jobgroups"
    }
  },
  {
    "model": "auth.permission",
    "pk": 38,
    "fields": {
      "name": "Can change job groups",
      "content_type": 10,
      "codename": "change_jobgroups"
    }
  },
  {
    "model": "auth.permission",
    "pk": 39,
    "fields": {
      "name": "Can delete job groups",
      "content_type": 10,
      "codename": "delete_jobgroups"
    }
  },
  {
    "model": "auth.permission",
    "pk": 40,
    "fields": {
      "name": "Can view job groups",
      "content_type": 10,
      "codename": "view_jobgroups"
    }
  },
  {
    "model": "data.user",
    "pk": 1,
    "fields": {
      "password": "pbkdf2_sha256$180000$fL0WhEpQGCbM$d7SqalF2E56i9/mYeQo0zox2triq2VpVifJkFt0pA8Q=",
      "last_login": "2020-05-23T18:32:44Z",
      "is_superuser": true,
      "username": "kevin",
      "first_name": "Kevin",
      "last_name": "Tran",
      "email": "kevintrn99@gmail.com",
      "is_staff": true,
      "is_active": true,
      "date_joined": "2020-05-23T18:28:49Z",
      "groups": [],
      "user_permissions": []
    }
  },
  {
    "model": "data.user",
    "pk": 2,
    "fields": {
      "password": "pbkdf2_sha256$180000$V8cWgYIj76A6$EvlkL/n0H1J/jieGxZeB/0gog95Xm3na4QKPFpBETGQ=",
      "last_login": null,
      "is_superuser": false,
      "username": "Marshall",
      "first_name": "",
      "last_name": "",
      "email": "",
      "is_staff": false,
      "is_active": true,
      "date_joined": "2020-05-23T18:54:16Z",
      "groups": [],
      "user_permissions": []
    }
  },
  {
    "model": "data.user",
    "pk": 3,
    "fields": {
      "password": "pbkdf2_sha256$180000$lCJG8wtPa9QK$wUK6kiqH2nrueAAv4AQlU1Ym+VFM/TS2bFghvs7DKng=",
      "last_login": null,
      "is_superuser": false,
      "username": "Raymond",
      "first_name": "",
      "last_name": "",
      "email": "",
      "is_staff": false,
      "is_active": true,
      "date_joined": "2020-05-23T18:55:42Z",
      "groups": [],
      "user_permissions": []
    }
  },
  {
    "model": "data.user",
    "pk": 4,
    "fields": {
      "password": "pbkdf2_sha256$180000$Ot7cFcNQjfWJ$dv1vg/YX76knnL8jYYTZCWQubqjwAmj0QVzdw5B6Yns=",
      "last_login": null,
      "is_superuser": false,
      "username": "Sherb",
      "first_name": "",
      "last_name": "",
      "email": "",
      "is_staff": false,
      "is_active": true,
      "date_joined": "2020-05-23T18:55:57Z",
      "groups": [],
      "user_permissions": []
    }
  },
  {
    "model": "data.user",
    "pk": 5,
    "fields": {
      "password": "pbkdf2_sha256$180000$HxOpzO64gSJ4$ZjqJ12IZgj+pWaBhYeUnWMLRmLyOke/qVs0FwaA22WQ=",
      "last_login": null,
      "is_superuser": false,
      "username": "Zucker",
      "first_name": "",
      "last_name": "",
      "email": "",
      "is_staff": false,
      "is_active": true,
      "date_joined": "2020-05-23T18:56:13Z",
      "groups": [],
      "user_permissions": []
    }
  },
  {
    "model": "data.user",
    "pk": 6,
    "fields": {
      "password": "pbkdf2_sha256$180000$XTmKQGlCvpGn$H3QsNIKYvdBekAflraOTdAUfVW+z+C2tBcZU2fH8T08=",
      "last_login": null,
      "is_superuser": false,
      "username": "Beau",
      "first_name": "",
      "last_name": "",
      "email": "",
      "is_staff": false,
      "is_active": true,
      "date_joined": "2020-05-23T18:56:38.098Z",
      "groups": [],
      "user_permissions": []
    }
  },
  {
    "model": "data.user",
    "pk": 7,
    "fields": {
      "password": "pbkdf2_sha256$180000$MXJoJTlXOu6z$b68ZB25pJxuwcPG301tFP3wI7F7Zs/EIdbsl7T9xccY=",
      "last_login": null,
      "is_superuser": false,
      "username": "Ankha",
      "first_name": "",
      "last_name": "",
      "email": "",
      "is_staff": false,
      "is_active": true,
      "date_joined": "2020-05-23T18:56:55.715Z",
      "groups": [],
      "user_permissions": []
    }
  },
  {
    "model": "data.user",
    "pk": 8,
    "fields": {
      "password": "pbkdf2_sha256$180000$TSmSIrLcxQCn$wDB+NL4tpOgcV8TtPmTjqKCE6+mkdu2l/Eyy9bGM+b4=",
      "last_login": null,
      "is_superuser": false,
      "username": "Molly",
      "first_name": "",
      "last_name": "",
      "email": "",
      "is_staff": false,
      "is_active": true,
      "date_joined": "2020-05-23T18:57:10.566Z",
      "groups": [],
      "user_permissions": []
    }
  },
  {
    "model": "data.user",
    "pk": 9,
    "fields": {
      "password": "pbkdf2_sha256$180000$ZVlFKrYapUMf$u19aetv2Qpmv26+TFGk3kln1mdE6d7xP2sQBNvti5Yo=",
      "last_login": null,
      "is_superuser": false,
      "username": "Lolly",
      "first_name": "",
      "last_name": "",
      "email": "",
      "is_staff": false,
      "is_active": true,
      "date_joined": "2020-05-23T18:57:22.258Z",
      "groups": [],
      "user_permissions": []
    }
  },
  {
    "model": "data.user",
    "pk": 10,
    "fields": {
      "password": "pbkdf2_sha256$180000$XI4ZnrPNL6Bm$KlN5CyZMr+B2OJqodDH/wqDnvP5G4izorp1kFW0lfHQ=",
      "last_login": null,
      "is_superuser": false,
      "username": "Julian",
      "first_name": "",
      "last_name": "",
      "email": "",
      "is_staff": false,
      "is_active": true,
      "date_joined": "2020-05-23T18:57:30.844Z",
      "groups": [],
      "user_permissions": []
    }
  },
  {
    "model": "data.user",
    "pk": 11,
    "fields": {
      "password": "pbkdf2_sha256$180000$lQ0ZYc2pU3ua$Fi+4BlYC2Vzw2kNW3pPxx0aXBoyWBYbahx6SR82OG98=",
      "last_login": null,
      "is_superuser": false,
      "username": "Pietro",
      "first_name": "",
      "last_name": "",
      "email": "",
      "is_staff": false,
      "is_active": true,
      "date_joined": "2020-05-23T18:57:36.716Z",
      "groups": [],
      "user_permissions": []
    }
  },
  {
    "model": "data.user",
    "pk": 12,
    "fields": {
      "password": "pbkdf2_sha256$180000$sTcba7J9m6Xn$Sgn6fQZGgmDS0DP/esHku05F0fcqMGpCjmyGaKhVsgE=",
      "last_login": null,
      "is_superuser": false,
      "username": "Tia",
      "first_name": "",
      "last_name": "",
      "email": "",
      "is_staff": false,
      "is_active": true,
      "date_joined": "2020-05-23T18:57:45.914Z",
      "groups": [],
      "user_permissions": []
    }
  },
  {
    "model": "data.user",
    "pk": 13,
    "fields": {
      "password": "pbkdf2_sha256$180000$PUw3NGX51SjI$eEPfCJIhKh5XZraqmRg5EKauxZDnBGh3WcgMC5tS3c8=",
      "last_login": null,
      "is_superuser": false,
      "username": "Flurry",
      "first_name": "",
      "last_name": "",
      "email": "",
      "is_staff": false,
      "is_active": true,
      "date_joined": "2020-05-23T18:57:53.414Z",
      "groups": [],
      "user_permissions": []
    }
  },
  {
    "model": "data.user",
    "pk": 14,
    "fields": {
      "password": "pbkdf2_sha256$180000$l5iFnoXV0nQK$YwGglhZSCrhAaTff1gNPc+k5s+o+Tl2m6Gk+iqvgtKY=",
      "last_login": null,
      "is_superuser": false,
      "username": "Poppy",
      "first_name": "",
      "last_name": "",
      "email": "",
      "is_staff": false,
      "is_active": true,
      "date_joined": "2020-05-23T18:57:59.603Z",
      "groups": [],
      "user_permissions": []
    }
  },
  {
    "model": "data.user",
    "pk": 15,
    "fields": {
      "password": "pbkdf2_sha256$180000$g4FKa9C8J3vt$PvY5I0+kdJM/0O2Vr+AhCvlVZyIdeIquelCRR4FwmmQ=",
      "last_login": null,
      "is_superuser": false,
      "username": "Genji",
      "first_name": "",
      "last_name": "",
      "email": "",
      "is_staff": false,
      "is_active": true,
      "date_joined": "2020-05-23T18:58:12.484Z",
      "groups": [],
      "user_permissions": []
    }
  },
  {
    "model": "data.user",
    "pk": 16,
    "fields": {
      "password": "pbkdf2_sha256$180000$0wUUYS8K0Taz$QLCOtnd+mXKgoJk03NHXuvxLfehRmZyBz5wd5oCpwCs=",
      "last_login": null,
      "is_superuser": false,
      "username": "Kiki",
      "first_name": "",
      "last_name": "",
      "email": "",
      "is_staff": false,
      "is_active": true,
      "date_joined": "2020-05-23T18:58:18.837Z",
      "groups": [],
      "user_permissions": []
    }
  },
  { "model": "data.usergroups", "pk": 1, "fields": { "user": 2, "group": 1 } },
  { "model": "data.usergroups", "pk": 2, "fields": { "user": 3, "group": 1 } },
  { "model": "data.usergroups", "pk": 3, "fields": { "user": 4, "group": 1 } },
  { "model": "data.usergroups", "pk": 4, "fields": { "user": 5, "group": 1 } },
  { "model": "data.usergroups", "pk": 5, "fields": { "user": 6, "group": 1 } },
  { "model": "data.usergroups", "pk": 6, "fields": { "user": 7, "group": 2 } },
  { "model": "data.usergroups", "pk": 7, "fields": { "user": 8, "group": 2 } },
  { "model": "data.usergroups", "pk": 8, "fields": { "user": 9, "group": 2 } },
  { "model": "data.usergroups", "pk": 9, "fields": { "user": 10, "group": 2 } },
  {
    "model": "data.usergroups",
    "pk": 10,
    "fields": { "user": 11, "group": 2 }
  },
  {
    "model": "data.usergroups",
    "pk": 11,
    "fields": { "user": 12, "group": 3 }
  },
  {
    "model": "data.usergroups",
    "pk": 12,
    "fields": { "user": 13, "group": 3 }
  },
  {
    "model": "data.usergroups",
    "pk": 13,
    "fields": { "user": 14, "group": 3 }
  },
  {
    "model": "data.usergroups",
    "pk": 14,
    "fields": { "user": 15, "group": 3 }
  },
  {
    "model": "data.usergroups",
    "pk": 15,
    "fields": { "user": 16, "group": 3 }
  },
  { "model": "data.usergroups", "pk": 16, "fields": { "user": 7, "group": 4 } },
  { "model": "data.usergroups", "pk": 17, "fields": { "user": 6, "group": 4 } },
  {
    "model": "data.usergroups",
    "pk": 18,
    "fields": { "user": 13, "group": 4 }
  },
  {
    "model": "data.usergroups",
    "pk": 19,
    "fields": { "user": 15, "group": 4 }
  },
  {
    "model": "data.usergroups",
    "pk": 20,
    "fields": { "user": 10, "group": 4 }
  },
  {
    "model": "data.usergroups",
    "pk": 21,
    "fields": { "user": 16, "group": 4 }
  },
  { "model": "data.usergroups", "pk": 22, "fields": { "user": 9, "group": 4 } },
  { "model": "data.usergroups", "pk": 23, "fields": { "user": 2, "group": 4 } },
  { "model": "data.usergroups", "pk": 24, "fields": { "user": 8, "group": 4 } },
  {
    "model": "data.usergroups",
    "pk": 25,
    "fields": { "user": 11, "group": 4 }
  },
  {
    "model": "data.usergroups",
    "pk": 26,
    "fields": { "user": 14, "group": 4 }
  },
  { "model": "data.usergroups", "pk": 27, "fields": { "user": 3, "group": 4 } },
  { "model": "data.usergroups", "pk": 28, "fields": { "user": 4, "group": 4 } },
  {
    "model": "data.usergroups",
    "pk": 29,
    "fields": { "user": 12, "group": 4 }
  },
  { "model": "data.usergroups", "pk": 30, "fields": { "user": 5, "group": 4 } },
  {
    "model": "data.jobgroups",
    "pk": 1,
    "fields": { "job": 1, "user": 15, "group": 3, "status": "Applied" }
  },
  {
    "model": "data.jobgroups",
    "pk": 2,
    "fields": { "job": 1, "user": 14, "group": 3, "status": "Have not applied" }
  },
  {
    "model": "data.jobgroups",
    "pk": 3,
    "fields": { "job": 1, "user": 13, "group": 3, "status": "Assesment" }
  },
  {
    "model": "data.jobgroups",
    "pk": 4,
    "fields": { "job": 1, "user": 16, "group": 3, "status": "Have not applied" }
  },
  {
    "model": "data.jobgroups",
    "pk": 5,
    "fields": { "job": 1, "user": 16, "group": 3, "status": "Offer" }
  },
  {
    "model": "data.jobgroups",
    "pk": 6,
    "fields": { "job": 2, "user": 11, "group": 2, "status": "Have not applied" }
  },
  {
    "model": "data.jobgroups",
    "pk": 7,
    "fields": { "job": 2, "user": 10, "group": 2, "status": "Have not applied" }
  },
  {
    "model": "data.jobgroups",
    "pk": 8,
    "fields": { "job": 2, "user": 9, "group": 2, "status": "Applied" }
  },
  {
    "model": "data.jobgroups",
    "pk": 9,
    "fields": { "job": 2, "user": 8, "group": 2, "status": "Offer" }
  },
  {
    "model": "data.jobgroups",
    "pk": 10,
    "fields": { "job": 2, "user": 7, "group": 2, "status": "Ghosted" }
  },
  {
    "model": "data.jobgroups",
    "pk": 11,
    "fields": { "job": 1, "user": 6, "group": 1, "status": "Applied" }
  },
  {
    "model": "data.jobgroups",
    "pk": 12,
    "fields": { "job": 2, "user": 6, "group": 1, "status": "Have not applied" }
  },
  {
    "model": "data.jobgroups",
    "pk": 13,
    "fields": { "job": 1, "user": 5, "group": 1, "status": "Applied" }
  },
  {
    "model": "data.jobgroups",
    "pk": 14,
    "fields": { "job": 2, "user": 5, "group": 1, "status": "Applied" }
  },
  {
    "model": "data.jobgroups",
    "pk": 15,
    "fields": { "job": 1, "user": 4, "group": 1, "status": "Offer" }
  },
  {
    "model": "data.jobgroups",
    "pk": 16,
    "fields": { "job": 2, "user": 4, "group": 1, "status": "Ghosted" }
  },
  {
    "model": "data.jobgroups",
    "pk": 17,
    "fields": { "job": 1, "user": 3, "group": 1, "status": "Interview" }
  },
  {
    "model": "data.jobgroups",
    "pk": 18,
    "fields": { "job": 2, "user": 3, "group": 1, "status": "Offer" }
  },
  {
    "model": "data.jobgroups",
    "pk": 19,
    "fields": { "job": 1, "user": 2, "group": 1, "status": "Applied" }
  },
  {
    "model": "data.jobgroups",
    "pk": 20,
    "fields": { "job": 2, "user": 2, "group": 1, "status": "Applied" }
  },
  {
    "model": "admin.logentry",
    "pk": 1,
    "fields": {
      "action_time": "2020-05-23T18:53:14.554Z",
      "user": 1,
      "content_type": 6,
      "object_id": "1",
      "object_repr": "kevin",
      "action_flag": 2,
      "change_message": "[{\"changed\": {\"fields\": [\"First name\", \"Last name\"]}}]"
    }
  },
  {
    "model": "admin.logentry",
    "pk": 2,
    "fields": {
      "action_time": "2020-05-23T18:54:16.870Z",
      "user": 1,
      "content_type": 6,
      "object_id": "2",
      "object_repr": "Marshall",
      "action_flag": 1,
      "change_message": "[{\"added\": {}}]"
    }
  },
  {
    "model": "admin.logentry",
    "pk": 3,
    "fields": {
      "action_time": "2020-05-23T18:54:39.214Z",
      "user": 1,
      "content_type": 6,
      "object_id": "2",
      "object_repr": "Marshall",
      "action_flag": 2,
      "change_message": "[]"
    }
  },
  {
    "model": "admin.logentry",
    "pk": 4,
    "fields": {
      "action_time": "2020-05-23T18:55:42.886Z",
      "user": 1,
      "content_type": 6,
      "object_id": "3",
      "object_repr": "Raymond",
      "action_flag": 1,
      "change_message": "[{\"added\": {}}]"
    }
  },
  {
    "model": "admin.logentry",
    "pk": 5,
    "fields": {
      "action_time": "2020-05-23T18:55:48.318Z",
      "user": 1,
      "content_type": 6,
      "object_id": "3",
      "object_repr": "Raymond",
      "action_flag": 2,
      "change_message": "[]"
    }
  },
  {
    "model": "admin.logentry",
    "pk": 6,
    "fields": {
      "action_time": "2020-05-23T18:55:57.830Z",
      "user": 1,
      "content_type": 6,
      "object_id": "4",
      "object_repr": "Sherb",
      "action_flag": 1,
      "change_message": "[{\"added\": {}}]"
    }
  },
  {
    "model": "admin.logentry",
    "pk": 7,
    "fields": {
      "action_time": "2020-05-23T18:56:00.058Z",
      "user": 1,
      "content_type": 6,
      "object_id": "4",
      "object_repr": "Sherb",
      "action_flag": 2,
      "change_message": "[]"
    }
  },
  {
    "model": "admin.logentry",
    "pk": 8,
    "fields": {
      "action_time": "2020-05-23T18:56:13.691Z",
      "user": 1,
      "content_type": 6,
      "object_id": "5",
      "object_repr": "Zucker",
      "action_flag": 1,
      "change_message": "[{\"added\": {}}]"
    }
  },
  {
    "model": "admin.logentry",
    "pk": 9,
    "fields": {
      "action_time": "2020-05-23T18:56:17.350Z",
      "user": 1,
      "content_type": 6,
      "object_id": "5",
      "object_repr": "Zucker",
      "action_flag": 2,
      "change_message": "[]"
    }
  },
  {
    "model": "admin.logentry",
    "pk": 10,
    "fields": {
      "action_time": "2020-05-23T18:56:38.230Z",
      "user": 1,
      "content_type": 6,
      "object_id": "6",
      "object_repr": "Beau",
      "action_flag": 1,
      "change_message": "[{\"added\": {}}]"
    }
  },
  {
    "model": "admin.logentry",
    "pk": 11,
    "fields": {
      "action_time": "2020-05-23T18:56:55.851Z",
      "user": 1,
      "content_type": 6,
      "object_id": "7",
      "object_repr": "Ankha",
      "action_flag": 1,
      "change_message": "[{\"added\": {}}]"
    }
  },
  {
    "model": "admin.logentry",
    "pk": 12,
    "fields": {
      "action_time": "2020-05-23T18:57:10.696Z",
      "user": 1,
      "content_type": 6,
      "object_id": "8",
      "object_repr": "Molly",
      "action_flag": 1,
      "change_message": "[{\"added\": {}}]"
    }
  },
  {
    "model": "admin.logentry",
    "pk": 13,
    "fields": {
      "action_time": "2020-05-23T18:57:22.409Z",
      "user": 1,
      "content_type": 6,
      "object_id": "9",
      "object_repr": "Lolly",
      "action_flag": 1,
      "change_message": "[{\"added\": {}}]"
    }
  },
  {
    "model": "admin.logentry",
    "pk": 14,
    "fields": {
      "action_time": "2020-05-23T18:57:30.991Z",
      "user": 1,
      "content_type": 6,
      "object_id": "10",
      "object_repr": "Julian",
      "action_flag": 1,
      "change_message": "[{\"added\": {}}]"
    }
  },
  {
    "model": "admin.logentry",
    "pk": 15,
    "fields": {
      "action_time": "2020-05-23T18:57:36.883Z",
      "user": 1,
      "content_type": 6,
      "object_id": "11",
      "object_repr": "Pietro",
      "action_flag": 1,
      "change_message": "[{\"added\": {}}]"
    }
  },
  {
    "model": "admin.logentry",
    "pk": 16,
    "fields": {
      "action_time": "2020-05-23T18:57:46.078Z",
      "user": 1,
      "content_type": 6,
      "object_id": "12",
      "object_repr": "Tia",
      "action_flag": 1,
      "change_message": "[{\"added\": {}}]"
    }
  },
  {
    "model": "admin.logentry",
    "pk": 17,
    "fields": {
      "action_time": "2020-05-23T18:57:53.558Z",
      "user": 1,
      "content_type": 6,
      "object_id": "13",
      "object_repr": "Flurry",
      "action_flag": 1,
      "change_message": "[{\"added\": {}}]"
    }
  },
  {
    "model": "admin.logentry",
    "pk": 18,
    "fields": {
      "action_time": "2020-05-23T18:57:59.746Z",
      "user": 1,
      "content_type": 6,
      "object_id": "14",
      "object_repr": "Poppy",
      "action_flag": 1,
      "change_message": "[{\"added\": {}}]"
    }
  },
  {
    "model": "admin.logentry",
    "pk": 19,
    "fields": {
      "action_time": "2020-05-23T18:58:12.617Z",
      "user": 1,
      "content_type": 6,
      "object_id": "15",
      "object_repr": "Genji",
      "action_flag": 1,
      "change_message": "[{\"added\": {}}]"
    }
  },
  {
    "model": "admin.logentry",
    "pk": 20,
    "fields": {
      "action_time": "2020-05-23T18:58:18.970Z",
      "user": 1,
      "content_type": 6,
      "object_id": "16",
      "object_repr": "Kiki",
      "action_flag": 1,
      "change_message": "[{\"added\": {}}]"
    }
  },
  {
    "model": "admin.logentry",
    "pk": 21,
    "fields": {
      "action_time": "2020-05-23T18:58:47.678Z",
      "user": 1,
      "content_type": 7,
      "object_id": "1",
      "object_repr": "Tier 1",
      "action_flag": 1,
      "change_message": "[{\"added\": {}}]"
    }
  },
  {
    "model": "admin.logentry",
    "pk": 22,
    "fields": {
      "action_time": "2020-05-23T18:58:50.520Z",
      "user": 1,
      "content_type": 7,
      "object_id": "2",
      "object_repr": "Tier 2",
      "action_flag": 1,
      "change_message": "[{\"added\": {}}]"
    }
  },
  {
    "model": "admin.logentry",
    "pk": 23,
    "fields": {
      "action_time": "2020-05-23T18:58:52.857Z",
      "user": 1,
      "content_type": 7,
      "object_id": "3",
      "object_repr": "Tier 3",
      "action_flag": 1,
      "change_message": "[{\"added\": {}}]"
    }
  },
  {
    "model": "admin.logentry",
    "pk": 24,
    "fields": {
      "action_time": "2020-05-23T18:59:26.725Z",
      "user": 1,
      "content_type": 9,
      "object_id": "1",
      "object_repr": "UserGroups object (1)",
      "action_flag": 1,
      "change_message": "[{\"added\": {}}]"
    }
  },
  {
    "model": "admin.logentry",
    "pk": 25,
    "fields": {
      "action_time": "2020-05-23T18:59:35.561Z",
      "user": 1,
      "content_type": 9,
      "object_id": "2",
      "object_repr": "UserGroups object (2)",
      "action_flag": 1,
      "change_message": "[{\"added\": {}}]"
    }
  },
  {
    "model": "admin.logentry",
    "pk": 26,
    "fields": {
      "action_time": "2020-05-23T18:59:47.788Z",
      "user": 1,
      "content_type": 9,
      "object_id": "3",
      "object_repr": "UserGroups object (3)",
      "action_flag": 1,
      "change_message": "[{\"added\": {}}]"
    }
  },
  {
    "model": "admin.logentry",
    "pk": 27,
    "fields": {
      "action_time": "2020-05-23T18:59:54.283Z",
      "user": 1,
      "content_type": 9,
      "object_id": "4",
      "object_repr": "UserGroups object (4)",
      "action_flag": 1,
      "change_message": "[{\"added\": {}}]"
    }
  },
  {
    "model": "admin.logentry",
    "pk": 28,
    "fields": {
      "action_time": "2020-05-23T19:00:00.620Z",
      "user": 1,
      "content_type": 9,
      "object_id": "5",
      "object_repr": "UserGroups object (5)",
      "action_flag": 1,
      "change_message": "[{\"added\": {}}]"
    }
  },
  {
    "model": "admin.logentry",
    "pk": 29,
    "fields": {
      "action_time": "2020-05-23T19:01:32.142Z",
      "user": 1,
      "content_type": 9,
      "object_id": "6",
      "object_repr": "UserGroups object (6)",
      "action_flag": 1,
      "change_message": "[{\"added\": {}}]"
    }
  },
  {
    "model": "admin.logentry",
    "pk": 30,
    "fields": {
      "action_time": "2020-05-23T19:01:40.758Z",
      "user": 1,
      "content_type": 9,
      "object_id": "7",
      "object_repr": "UserGroups object (7)",
      "action_flag": 1,
      "change_message": "[{\"added\": {}}]"
    }
  },
  {
    "model": "admin.logentry",
    "pk": 31,
    "fields": {
      "action_time": "2020-05-23T19:01:47.246Z",
      "user": 1,
      "content_type": 9,
      "object_id": "8",
      "object_repr": "UserGroups object (8)",
      "action_flag": 1,
      "change_message": "[{\"added\": {}}]"
    }
  },
  {
    "model": "admin.logentry",
    "pk": 32,
    "fields": {
      "action_time": "2020-05-23T19:01:51.845Z",
      "user": 1,
      "content_type": 9,
      "object_id": "9",
      "object_repr": "UserGroups object (9)",
      "action_flag": 1,
      "change_message": "[{\"added\": {}}]"
    }
  },
  {
    "model": "admin.logentry",
    "pk": 33,
    "fields": {
      "action_time": "2020-05-23T19:01:57.162Z",
      "user": 1,
      "content_type": 9,
      "object_id": "10",
      "object_repr": "UserGroups object (10)",
      "action_flag": 1,
      "change_message": "[{\"added\": {}}]"
    }
  },
  {
    "model": "admin.logentry",
    "pk": 34,
    "fields": {
      "action_time": "2020-05-23T19:02:07.126Z",
      "user": 1,
      "content_type": 9,
      "object_id": "11",
      "object_repr": "UserGroups object (11)",
      "action_flag": 1,
      "change_message": "[{\"added\": {}}]"
    }
  },
  {
    "model": "admin.logentry",
    "pk": 35,
    "fields": {
      "action_time": "2020-05-23T19:02:13.401Z",
      "user": 1,
      "content_type": 9,
      "object_id": "12",
      "object_repr": "UserGroups object (12)",
      "action_flag": 1,
      "change_message": "[{\"added\": {}}]"
    }
  },
  {
    "model": "admin.logentry",
    "pk": 36,
    "fields": {
      "action_time": "2020-05-23T19:02:18.343Z",
      "user": 1,
      "content_type": 9,
      "object_id": "13",
      "object_repr": "UserGroups object (13)",
      "action_flag": 1,
      "change_message": "[{\"added\": {}}]"
    }
  },
  {
    "model": "admin.logentry",
    "pk": 37,
    "fields": {
      "action_time": "2020-05-23T19:02:25.418Z",
      "user": 1,
      "content_type": 9,
      "object_id": "14",
      "object_repr": "UserGroups object (14)",
      "action_flag": 1,
      "change_message": "[{\"added\": {}}]"
    }
  },
  {
    "model": "admin.logentry",
    "pk": 38,
    "fields": {
      "action_time": "2020-05-23T19:02:31.229Z",
      "user": 1,
      "content_type": 9,
      "object_id": "15",
      "object_repr": "UserGroups object (15)",
      "action_flag": 1,
      "change_message": "[{\"added\": {}}]"
    }
  },
  {
    "model": "admin.logentry",
    "pk": 39,
    "fields": {
      "action_time": "2020-05-23T19:02:52.038Z",
      "user": 1,
      "content_type": 7,
      "object_id": "4",
      "object_repr": "Super Group",
      "action_flag": 1,
      "change_message": "[{\"added\": {}}]"
    }
  },
  {
    "model": "admin.logentry",
    "pk": 40,
    "fields": {
      "action_time": "2020-05-23T19:03:07.321Z",
      "user": 1,
      "content_type": 9,
      "object_id": "16",
      "object_repr": "UserGroups object (16)",
      "action_flag": 1,
      "change_message": "[{\"added\": {}}]"
    }
  },
  {
    "model": "admin.logentry",
    "pk": 41,
    "fields": {
      "action_time": "2020-05-23T19:03:11.988Z",
      "user": 1,
      "content_type": 9,
      "object_id": "17",
      "object_repr": "UserGroups object (17)",
      "action_flag": 1,
      "change_message": "[{\"added\": {}}]"
    }
  },
  {
    "model": "admin.logentry",
    "pk": 42,
    "fields": {
      "action_time": "2020-05-23T19:03:17.756Z",
      "user": 1,
      "content_type": 9,
      "object_id": "18",
      "object_repr": "UserGroups object (18)",
      "action_flag": 1,
      "change_message": "[{\"added\": {}}]"
    }
  },
  {
    "model": "admin.logentry",
    "pk": 43,
    "fields": {
      "action_time": "2020-05-23T19:03:21.587Z",
      "user": 1,
      "content_type": 9,
      "object_id": "19",
      "object_repr": "UserGroups object (19)",
      "action_flag": 1,
      "change_message": "[{\"added\": {}}]"
    }
  },
  {
    "model": "admin.logentry",
    "pk": 44,
    "fields": {
      "action_time": "2020-05-23T19:03:24.872Z",
      "user": 1,
      "content_type": 9,
      "object_id": "20",
      "object_repr": "UserGroups object (20)",
      "action_flag": 1,
      "change_message": "[{\"added\": {}}]"
    }
  },
  {
    "model": "admin.logentry",
    "pk": 45,
    "fields": {
      "action_time": "2020-05-23T19:03:29.533Z",
      "user": 1,
      "content_type": 9,
      "object_id": "21",
      "object_repr": "UserGroups object (21)",
      "action_flag": 1,
      "change_message": "[{\"added\": {}}]"
    }
  },
  {
    "model": "admin.logentry",
    "pk": 46,
    "fields": {
      "action_time": "2020-05-23T19:03:33.388Z",
      "user": 1,
      "content_type": 9,
      "object_id": "22",
      "object_repr": "UserGroups object (22)",
      "action_flag": 1,
      "change_message": "[{\"added\": {}}]"
    }
  },
  {
    "model": "admin.logentry",
    "pk": 47,
    "fields": {
      "action_time": "2020-05-23T19:03:40.735Z",
      "user": 1,
      "content_type": 9,
      "object_id": "23",
      "object_repr": "UserGroups object (23)",
      "action_flag": 1,
      "change_message": "[{\"added\": {}}]"
    }
  },
  {
    "model": "admin.logentry",
    "pk": 48,
    "fields": {
      "action_time": "2020-05-23T19:03:44.126Z",
      "user": 1,
      "content_type": 9,
      "object_id": "24",
      "object_repr": "UserGroups object (24)",
      "action_flag": 1,
      "change_message": "[{\"added\": {}}]"
    }
  },
  {
    "model": "admin.logentry",
    "pk": 49,
    "fields": {
      "action_time": "2020-05-23T19:03:47.767Z",
      "user": 1,
      "content_type": 9,
      "object_id": "25",
      "object_repr": "UserGroups object (25)",
      "action_flag": 1,
      "change_message": "[{\"added\": {}}]"
    }
  },
  {
    "model": "admin.logentry",
    "pk": 50,
    "fields": {
      "action_time": "2020-05-23T19:03:52.268Z",
      "user": 1,
      "content_type": 9,
      "object_id": "26",
      "object_repr": "UserGroups object (26)",
      "action_flag": 1,
      "change_message": "[{\"added\": {}}]"
    }
  },
  {
    "model": "admin.logentry",
    "pk": 51,
    "fields": {
      "action_time": "2020-05-23T19:03:56.507Z",
      "user": 1,
      "content_type": 9,
      "object_id": "27",
      "object_repr": "UserGroups object (27)",
      "action_flag": 1,
      "change_message": "[{\"added\": {}}]"
    }
  },
  {
    "model": "admin.logentry",
    "pk": 52,
    "fields": {
      "action_time": "2020-05-23T19:03:59.958Z",
      "user": 1,
      "content_type": 9,
      "object_id": "28",
      "object_repr": "UserGroups object (28)",
      "action_flag": 1,
      "change_message": "[{\"added\": {}}]"
    }
  },
  {
    "model": "admin.logentry",
    "pk": 53,
    "fields": {
      "action_time": "2020-05-23T19:04:04.625Z",
      "user": 1,
      "content_type": 9,
      "object_id": "29",
      "object_repr": "UserGroups object (29)",
      "action_flag": 1,
      "change_message": "[{\"added\": {}}]"
    }
  },
  {
    "model": "admin.logentry",
    "pk": 54,
    "fields": {
      "action_time": "2020-05-23T19:04:11.035Z",
      "user": 1,
      "content_type": 9,
      "object_id": "30",
      "object_repr": "UserGroups object (30)",
      "action_flag": 1,
      "change_message": "[{\"added\": {}}]"
    }
  },
  {
    "model": "admin.logentry",
    "pk": 55,
    "fields": {
      "action_time": "2020-05-23T20:22:53.882Z",
      "user": 1,
      "content_type": 8,
      "object_id": "1",
      "object_repr": "Google",
      "action_flag": 1,
      "change_message": "[{\"added\": {}}]"
    }
  },
  {
    "model": "admin.logentry",
    "pk": 56,
    "fields": {
      "action_time": "2020-05-23T20:23:52.368Z",
      "user": 1,
      "content_type": 8,
      "object_id": "2",
      "object_repr": "Facebook",
      "action_flag": 1,
      "change_message": "[{\"added\": {}}]"
    }
  },
  {
    "model": "admin.logentry",
    "pk": 57,
    "fields": {
      "action_time": "2020-05-23T20:24:15.637Z",
      "user": 1,
      "content_type": 8,
      "object_id": "1",
      "object_repr": "Google",
      "action_flag": 2,
      "change_message": "[{\"changed\": {\"fields\": [\"Location\"]}}]"
    }
  },
  {
    "model": "admin.logentry",
    "pk": 58,
    "fields": {
      "action_time": "2020-05-23T20:25:09.256Z",
      "user": 1,
      "content_type": 10,
      "object_id": "1",
      "object_repr": "JobGroups object (1)",
      "action_flag": 1,
      "change_message": "[{\"added\": {}}]"
    }
  },
  {
    "model": "admin.logentry",
    "pk": 59,
    "fields": {
      "action_time": "2020-05-23T20:25:21.760Z",
      "user": 1,
      "content_type": 10,
      "object_id": "2",
      "object_repr": "JobGroups object (2)",
      "action_flag": 1,
      "change_message": "[{\"added\": {}}]"
    }
  },
  {
    "model": "admin.logentry",
    "pk": 60,
    "fields": {
      "action_time": "2020-05-23T20:25:34.090Z",
      "user": 1,
      "content_type": 10,
      "object_id": "3",
      "object_repr": "JobGroups object (3)",
      "action_flag": 1,
      "change_message": "[{\"added\": {}}]"
    }
  },
  {
    "model": "admin.logentry",
    "pk": 61,
    "fields": {
      "action_time": "2020-05-23T20:25:59.153Z",
      "user": 1,
      "content_type": 10,
      "object_id": "4",
      "object_repr": "JobGroups object (4)",
      "action_flag": 1,
      "change_message": "[{\"added\": {}}]"
    }
  },
  {
    "model": "admin.logentry",
    "pk": 62,
    "fields": {
      "action_time": "2020-05-23T20:26:11.703Z",
      "user": 1,
      "content_type": 10,
      "object_id": "5",
      "object_repr": "JobGroups object (5)",
      "action_flag": 1,
      "change_message": "[{\"added\": {}}]"
    }
  },
  {
    "model": "admin.logentry",
    "pk": 63,
    "fields": {
      "action_time": "2020-05-23T20:26:37.160Z",
      "user": 1,
      "content_type": 10,
      "object_id": "6",
      "object_repr": "JobGroups object (6)",
      "action_flag": 1,
      "change_message": "[{\"added\": {}}]"
    }
  },
  {
    "model": "admin.logentry",
    "pk": 64,
    "fields": {
      "action_time": "2020-05-23T20:26:44.695Z",
      "user": 1,
      "content_type": 10,
      "object_id": "7",
      "object_repr": "JobGroups object (7)",
      "action_flag": 1,
      "change_message": "[{\"added\": {}}]"
    }
  },
  {
    "model": "admin.logentry",
    "pk": 65,
    "fields": {
      "action_time": "2020-05-23T20:26:54.805Z",
      "user": 1,
      "content_type": 10,
      "object_id": "8",
      "object_repr": "JobGroups object (8)",
      "action_flag": 1,
      "change_message": "[{\"added\": {}}]"
    }
  },
  {
    "model": "admin.logentry",
    "pk": 66,
    "fields": {
      "action_time": "2020-05-23T20:27:05.640Z",
      "user": 1,
      "content_type": 10,
      "object_id": "9",
      "object_repr": "JobGroups object (9)",
      "action_flag": 1,
      "change_message": "[{\"added\": {}}]"
    }
  },
  {
    "model": "admin.logentry",
    "pk": 67,
    "fields": {
      "action_time": "2020-05-23T20:27:17.558Z",
      "user": 1,
      "content_type": 10,
      "object_id": "10",
      "object_repr": "JobGroups object (10)",
      "action_flag": 1,
      "change_message": "[{\"added\": {}}]"
    }
  },
  {
    "model": "admin.logentry",
    "pk": 68,
    "fields": {
      "action_time": "2020-05-23T20:27:50.157Z",
      "user": 1,
      "content_type": 10,
      "object_id": "11",
      "object_repr": "JobGroups object (11)",
      "action_flag": 1,
      "change_message": "[{\"added\": {}}]"
    }
  },
  {
    "model": "admin.logentry",
    "pk": 69,
    "fields": {
      "action_time": "2020-05-23T20:27:59.099Z",
      "user": 1,
      "content_type": 10,
      "object_id": "12",
      "object_repr": "JobGroups object (12)",
      "action_flag": 1,
      "change_message": "[{\"added\": {}}]"
    }
  },
  {
    "model": "admin.logentry",
    "pk": 70,
    "fields": {
      "action_time": "2020-05-23T20:28:09.179Z",
      "user": 1,
      "content_type": 10,
      "object_id": "13",
      "object_repr": "JobGroups object (13)",
      "action_flag": 1,
      "change_message": "[{\"added\": {}}]"
    }
  },
  {
    "model": "admin.logentry",
    "pk": 71,
    "fields": {
      "action_time": "2020-05-23T20:28:16.688Z",
      "user": 1,
      "content_type": 10,
      "object_id": "14",
      "object_repr": "JobGroups object (14)",
      "action_flag": 1,
      "change_message": "[{\"added\": {}}]"
    }
  },
  {
    "model": "admin.logentry",
    "pk": 72,
    "fields": {
      "action_time": "2020-05-23T20:28:26.961Z",
      "user": 1,
      "content_type": 10,
      "object_id": "15",
      "object_repr": "JobGroups object (15)",
      "action_flag": 1,
      "change_message": "[{\"added\": {}}]"
    }
  },
  {
    "model": "admin.logentry",
    "pk": 73,
    "fields": {
      "action_time": "2020-05-23T20:28:34.770Z",
      "user": 1,
      "content_type": 10,
      "object_id": "16",
      "object_repr": "JobGroups object (16)",
      "action_flag": 1,
      "change_message": "[{\"added\": {}}]"
    }
  },
  {
    "model": "admin.logentry",
    "pk": 74,
    "fields": {
      "action_time": "2020-05-23T20:28:44.530Z",
      "user": 1,
      "content_type": 10,
      "object_id": "17",
      "object_repr": "JobGroups object (17)",
      "action_flag": 1,
      "change_message": "[{\"added\": {}}]"
    }
  },
  {
    "model": "admin.logentry",
    "pk": 75,
    "fields": {
      "action_time": "2020-05-23T20:28:55.087Z",
      "user": 1,
      "content_type": 10,
      "object_id": "18",
      "object_repr": "JobGroups object (18)",
      "action_flag": 1,
      "change_message": "[{\"added\": {}}]"
    }
  },
  {
    "model": "admin.logentry",
    "pk": 76,
    "fields": {
      "action_time": "2020-05-23T20:29:02.891Z",
      "user": 1,
      "content_type": 10,
      "object_id": "19",
      "object_repr": "JobGroups object (19)",
      "action_flag": 1,
      "change_message": "[{\"added\": {}}]"
    }
  },
  {
    "model": "admin.logentry",
    "pk": 77,
    "fields": {
      "action_time": "2020-05-23T20:29:10.507Z",
      "user": 1,
      "content_type": 10,
      "object_id": "20",
      "object_repr": "JobGroups object (20)",
      "action_flag": 1,
      "change_message": "[{\"added\": {}}]"
    }
  }
]
